video_id,tp,fp,fn,tn,precision,recall,avg_fps,min_fps,saved_frames_pct,video_path,kept_frames_pct,total_frames,eval_start_frame,eval_end_frame,warmup_frames,processed_frames,pred_motion_frames,video_fps_used
deer_day,1861,655,1649,1686,0.7396661367249603,0.5301994301994302,46.01184892836775,9.410631001632783,57.43529013703265,data\benchmarks\videos\Test_Deer_Day.mp4,42.56470986296735,5911,0,5910,60,5911,2516,30.0
deer_night,638,0,847,1693,1.0,0.42962962962962964,49.09003948135417,8.201023487700338,80.29647930821494,data\benchmarks\videos\Test_Deer_Night.mp4,19.703520691785055,3238,0,3237,60,3238,638,30.0
fox_day,790,6,20,450,0.992462311557789,0.9753086419753086,40.175981585656665,8.900716952782787,39.969834087481146,data\benchmarks\videos\Test_Fox_Day.mp4,60.030165912518854,1326,0,1325,60,1326,796,30.0
fox_night,1570,38,680,1617,0.9763681592039801,0.6977777777777778,44.16171393694553,9.39948566015555,59.44514501891551,data\benchmarks\videos\Test_Fox_Night.mp4,40.55485498108449,3965,0,3964,60,3965,1608,30.0
